timestamp_iso,unix_time,value,raw
2026-01-11T17:18:19.330,1768123099.331,8018.0,9532
2026-01-11T17:18:19.363,1768123099.363,8018.0,9532
2026-01-11T17:18:19.397,1768123099.397,9025.0,9532
2026-01-11T17:18:19.429,1768123099.430,9567.0,9532
2026-01-11T17:18:19.462,1768123099.463,9847.0,9532
2026-01-11T17:18:19.495,1768123099.496,9987.0,9532
2026-01-11T17:18:19.529,1768123099.530,10055.0,9532
2026-01-11T17:18:19.562,1768123099.563,10088.0,9532
2026-01-11T17:18:19.703,1768123099.703,10098.0,9532
2026-01-11T17:18:19.703,1768123099.703,10096.0,9532
2026-01-11T17:18:19.703,1768123099.703,10092.0,9532
2026-01-11T17:18:19.703,1768123099.703,10090.0,9532
2026-01-11T17:18:19.727,1768123099.728,10087.0,9532
2026-01-11T17:18:19.763,1768123099.764,10081.0,9532
2026-01-11T17:18:19.792,1768123099.792,10069.0,9532
2026-01-11T17:18:19.843,1768123099.843,10053.0,9532
2026-01-11T17:18:19.858,1768123099.858,10003.0,9532
2026-01-11T17:18:19.892,1768123099.892,10003.0,9532
2026-01-11T17:18:19.923,1768123099.923,9942.0,9532
2026-01-11T17:18:19.956,1768123099.957,9942.0,9532
2026-01-11T17:18:19.988,1768123099.989,9916.0,9532
2026-01-11T17:18:20.022,1768123100.022,9894.0,9532
2026-01-11T17:18:20.054,1768123100.055,9880.0,9532
2026-01-11T17:18:20.203,1768123100.203,9873.0,9532
2026-01-11T17:18:20.203,1768123100.203,9875.0,9532
2026-01-11T17:18:20.203,1768123100.203,9887.0,9532
2026-01-11T17:18:20.203,1768123100.203,9907.0,9532
2026-01-11T17:18:20.226,1768123100.226,9932.0,9532
2026-01-11T17:18:20.261,1768123100.261,9957.0,9532
2026-01-11T17:18:20.285,1768123100.285,9982.0,9532
2026-01-11T17:18:20.324,1768123100.324,10004.0,9532
2026-01-11T17:18:20.351,1768123100.351,10031.0,9532
2026-01-11T17:18:20.386,1768123100.386,10031.0,9532
2026-01-11T17:18:20.417,1768123100.417,10033.0,9532
2026-01-11T17:18:20.450,1768123100.450,10030.0,9532
2026-01-11T17:18:20.482,1768123100.483,10024.0,9532
2026-01-11T17:18:20.516,1768123100.516,10019.0,9532
2026-01-11T17:18:20.549,1768123100.549,10013.0,9532
2026-01-11T17:18:20.700,1768123100.701,10005.0,9532
2026-01-11T17:18:20.700,1768123100.701,9995.0,9532
2026-01-11T17:18:20.700,1768123100.701,9986.0,9532
2026-01-11T17:18:20.701,1768123100.702,9977.0,9532
2026-01-11T17:18:20.719,1768123100.720,9969.0,9532
2026-01-11T17:18:20.745,1768123100.745,9962.0,9532
2026-01-11T17:18:20.777,1768123100.778,9953.0,9532
2026-01-11T17:18:20.822,1768123100.822,9944.0,9532
2026-01-11T17:18:20.847,1768123100.847,9936.0,9532
2026-01-11T17:18:20.885,1768123100.885,9928.0,9532
2026-01-11T17:18:20.909,1768123100.909,9922.0,9532
2026-01-11T17:18:20.948,1768123100.949,9917.0,9532
2026-01-11T17:18:20.975,1768123100.975,9907.0,9532
2026-01-11T17:18:21.009,1768123101.009,9907.0,9532
2026-01-11T17:18:21.040,1768123101.040,9903.0,9532
2026-01-11T17:18:21.073,1768123101.073,9899.0,9532
2026-01-11T17:18:21.202,1768123101.203,9893.0,9532
2026-01-11T17:18:21.202,1768123101.203,9887.0,9532
2026-01-11T17:18:21.202,1768123101.203,9881.0,9532
2026-01-11T17:18:21.218,1768123101.218,9872.0,9532
2026-01-11T17:18:21.237,1768123101.238,9864.0,9532
2026-01-11T17:18:21.271,1768123101.271,9855.0,9532
2026-01-11T17:18:21.303,1768123101.304,9846.0,9532
2026-01-11T17:18:21.344,1768123101.345,9837.0,9532
2026-01-11T17:18:21.369,1768123101.369,9828.0,9532
2026-01-11T17:18:21.402,1768123101.402,9818.0,9532
2026-01-11T17:18:21.435,1768123101.436,9798.0,9532
2026-01-11T17:18:21.468,1768123101.468,9798.0,9532
2026-01-11T17:18:21.510,1768123101.510,9788.0,9532
2026-01-11T17:18:21.532,1768123101.533,9778.0,9532
2026-01-11T17:18:21.572,1768123101.572,9768.0,9532
2026-01-11T17:18:21.699,1768123101.700,9757.0,9532
2026-01-11T17:18:21.700,1768123101.701,9749.0,9532
2026-01-11T17:18:21.700,1768123101.701,9741.0,9532
2026-01-11T17:18:21.700,1768123101.701,9733.0,9532
2026-01-11T17:18:21.731,1768123101.731,9724.0,9532
2026-01-11T17:18:21.763,1768123101.764,9715.0,9532
2026-01-11T17:18:21.796,1768123101.797,9705.0,9532
2026-01-11T17:18:21.843,1768123101.843,9694.0,9532
2026-01-11T17:18:21.862,1768123101.863,9669.0,9532
2026-01-11T17:18:21.894,1768123101.895,9669.0,9532
2026-01-11T17:18:21.927,1768123101.928,9657.0,9532
2026-01-11T17:18:21.961,1768123101.961,9643.0,9532
2026-01-11T17:18:21.994,1768123101.994,9630.0,9532
2026-01-11T17:18:22.026,1768123102.027,9617.0,9532
2026-01-11T17:18:22.072,1768123102.073,9603.0,9532
2026-01-11T17:18:22.196,1768123102.197,9589.0,9532
2026-01-11T17:18:22.196,1768123102.197,9574.0,9532
2026-01-11T17:18:22.196,1768123102.197,9561.0,9532
2026-01-11T17:18:22.196,1768123102.197,9549.0,9532
2026-01-11T17:18:22.223,1768123102.224,9537.0,9532
2026-01-11T17:18:22.258,1768123102.258,9526.0,9532
2026-01-11T17:18:22.289,1768123102.289,9518.0,9532
2026-01-11T17:18:22.324,1768123102.324,9511.0,9532
2026-01-11T17:18:22.354,1768123102.355,9506.0,9532
2026-01-11T17:18:22.387,1768123102.388,9502.0,9532
2026-01-11T17:18:22.420,1768123102.421,9498.0,9532
2026-01-11T17:18:22.454,1768123102.454,9495.0,9532
2026-01-11T17:18:22.486,1768123102.487,9492.0,9532
2026-01-11T17:18:22.523,1768123102.524,9486.0,9532
2026-01-11T17:18:22.552,1768123102.553,9486.0,9532
2026-01-11T17:18:22.698,1768123102.698,9482.0,9532
2026-01-11T17:18:22.699,1768123102.699,9480.0,9532
2026-01-11T17:18:22.699,1768123102.699,9478.0,9532
2026-01-11T17:18:22.699,1768123102.699,9477.0,9532
2026-01-11T17:18:22.717,1768123102.717,9477.0,9532
2026-01-11T17:18:22.749,1768123102.749,9477.0,9532
2026-01-11T17:18:22.782,1768123102.783,9479.0,9532
2026-01-11T17:18:22.815,1768123102.816,9481.0,9532
2026-01-11T17:18:22.848,1768123102.849,9484.0,9532
2026-01-11T17:18:22.881,1768123102.882,9487.0,9532
2026-01-11T17:18:22.914,1768123102.914,9490.0,9532
2026-01-11T17:18:22.946,1768123102.946,9498.0,9532
2026-01-11T17:18:22.979,1768123102.980,9498.0,9532
2026-01-11T17:18:23.013,1768123103.013,9502.0,9532
2026-01-11T17:18:23.045,1768123103.045,9506.0,9532
2026-01-11T17:18:23.210,1768123103.210,9509.0,9532
2026-01-11T17:18:23.211,1768123103.211,9513.0,9532
2026-01-11T17:18:23.211,1768123103.211,9515.0,9532
2026-01-11T17:18:23.211,1768123103.211,9516.0,9532
2026-01-11T17:18:23.231,1768123103.231,9516.0,9532
2026-01-11T17:18:23.243,1768123103.243,9519.0,9532
2026-01-11T17:18:23.285,1768123103.285,9522.0,9532
2026-01-11T17:18:23.308,1768123103.309,9524.0,9532
2026-01-11T17:18:23.351,1768123103.352,9527.0,9532
2026-01-11T17:18:23.374,1768123103.374,9531.0,9532
2026-01-11T17:18:23.412,1768123103.412,9536.0,9532
2026-01-11T17:18:23.440,1768123103.440,9541.0,9532
2026-01-11T17:18:23.473,1768123103.474,9547.0,9532
2026-01-11T17:18:23.506,1768123103.506,9553.0,9532
2026-01-11T17:18:23.539,1768123103.539,9559.0,9532
2026-01-11T17:18:23.571,1768123103.572,9567.0,9532
2026-01-11T17:18:23.709,1768123103.710,9574.0,9532
2026-01-11T17:18:23.709,1768123103.710,9581.0,9532
2026-01-11T17:18:23.709,1768123103.710,9590.0,9532
2026-01-11T17:18:23.709,1768123103.710,9598.0,9532
2026-01-11T17:18:23.735,1768123103.736,9607.0,9532
2026-01-11T17:18:23.768,1768123103.769,9616.0,9532
2026-01-11T17:18:23.801,1768123103.801,9634.0,9532
2026-01-11T17:18:23.845,1768123103.845,9634.0,9532
2026-01-11T17:18:23.867,1768123103.867,9644.0,9532
2026-01-11T17:18:23.913,1768123103.914,9654.0,9532
2026-01-11T17:18:23.933,1768123103.934,9666.0,9532
2026-01-11T17:18:23.975,1768123103.976,9677.0,9532
2026-01-11T17:18:23.998,1768123103.999,9702.0,9532
2026-01-11T17:18:24.039,1768123104.039,9702.0,9532
2026-01-11T17:18:24.064,1768123104.065,9715.0,9532
2026-01-11T17:18:24.212,1768123104.212,9727.0,9532
2026-01-11T17:18:24.213,1768123104.213,9741.0,9532
2026-01-11T17:18:24.213,1768123104.213,9755.0,9532
2026-01-11T17:18:24.213,1768123104.213,9770.0,9532
2026-01-11T17:18:24.232,1768123104.232,9785.0,9532
2026-01-11T17:18:24.261,1768123104.262,9799.0,9532
2026-01-11T17:18:24.294,1768123104.294,9815.0,9532
2026-01-11T17:18:24.327,1768123104.328,9833.0,9532
2026-01-11T17:18:24.360,1768123104.361,9852.0,9532
2026-01-11T17:18:24.393,1768123104.394,9872.0,9532
2026-01-11T17:18:24.426,1768123104.427,9891.0,9532
2026-01-11T17:18:24.459,1768123104.460,9910.0,9532
2026-01-11T17:18:24.491,1768123104.492,9929.0,9532
2026-01-11T17:18:24.538,1768123104.539,9949.0,9532
2026-01-11T17:18:24.558,1768123104.558,9968.0,9532
2026-01-11T17:18:24.712,1768123104.712,9989.0,9532
2026-01-11T17:18:24.712,1768123104.712,10009.0,9532
2026-01-11T17:18:24.712,1768123104.712,10029.0,9532
2026-01-11T17:18:24.712,1768123104.712,10049.0,9532
2026-01-11T17:18:24.729,1768123104.729,10070.0,9532
2026-01-11T17:18:24.756,1768123104.756,10092.0,9532
2026-01-11T17:18:24.791,1768123104.792,10115.0,9532
2026-01-11T17:18:24.821,1768123104.822,10138.0,9532
2026-01-11T17:18:24.855,1768123104.856,10161.0,9532
2026-01-11T17:18:24.887,1768123104.888,10186.0,9532
2026-01-11T17:18:24.920,1768123104.921,10210.0,9532
2026-01-11T17:18:24.953,1768123104.954,10236.0,9532
2026-01-11T17:18:24.987,1768123104.987,10288.0,9532
2026-01-11T17:18:25.027,1768123105.028,10288.0,9532
2026-01-11T17:18:25.052,1768123105.053,10315.0,9532
2026-01-11T17:18:25.210,1768123105.210,10343.0,9532
2026-01-11T17:18:25.210,1768123105.210,10372.0,9532
2026-01-11T17:18:25.211,1768123105.211,10401.0,9532
2026-01-11T17:18:25.211,1768123105.211,10459.0,9532
2026-01-11T17:18:25.235,1768123105.235,10459.0,9532
2026-01-11T17:18:25.249,1768123105.249,10489.0,9532
2026-01-11T17:18:25.287,1768123105.288,10519.0,9532
2026-01-11T17:18:25.315,1768123105.316,10549.0,9532
2026-01-11T17:18:25.352,1768123105.353,10610.0,9532
2026-01-11T17:18:25.380,1768123105.381,10610.0,9532
2026-01-11T17:18:25.413,1768123105.414,10671.0,9532
2026-01-11T17:18:25.446,1768123105.447,10671.0,9532
2026-01-11T17:18:25.480,1768123105.480,10699.0,9532
2026-01-11T17:18:25.513,1768123105.513,10727.0,9532
2026-01-11T17:18:25.545,1768123105.545,10752.0,9532
2026-01-11T17:18:25.578,1768123105.578,10777.0,9532
2026-01-11T17:18:25.708,1768123105.709,10801.0,9532
2026-01-11T17:18:25.709,1768123105.710,10823.0,9532
2026-01-11T17:18:25.709,1768123105.710,10846.0,9532
2026-01-11T17:18:25.728,1768123105.729,10868.0,9532
2026-01-11T17:18:25.742,1768123105.742,10889.0,9532
2026-01-11T17:18:25.779,1768123105.780,10909.0,9532
2026-01-11T17:18:25.808,1768123105.809,10928.0,9532
2026-01-11T17:18:25.847,1768123105.848,10947.0,9532
2026-01-11T17:18:25.874,1768123105.875,10967.0,9532
2026-01-11T17:18:25.907,1768123105.908,10985.0,9532
2026-01-11T17:18:25.940,1768123105.940,11005.0,9532
2026-01-11T17:18:25.973,1768123105.974,11024.0,9532
2026-01-11T17:18:26.005,1768123106.006,11042.0,9532
2026-01-11T17:18:26.039,1768123106.039,11060.0,9532
2026-01-11T17:18:26.072,1768123106.072,11077.0,9532
2026-01-11T17:18:26.209,1768123106.210,11093.0,9532
2026-01-11T17:18:26.209,1768123106.210,11108.0,9532
2026-01-11T17:18:26.209,1768123106.210,11124.0,9532
2026-01-11T17:18:26.209,1768123106.210,11139.0,9532
2026-01-11T17:18:26.236,1768123106.237,11152.0,9532
2026-01-11T17:18:26.268,1768123106.269,11164.0,9532
2026-01-11T17:18:26.302,1768123106.302,11176.0,9532
2026-01-11T17:18:26.352,1768123106.352,11201.0,9532
2026-01-11T17:18:26.368,1768123106.368,11201.0,9532
2026-01-11T17:18:26.411,1768123106.411,11215.0,9532
2026-01-11T17:18:26.433,1768123106.433,11225.0,9532
2026-01-11T17:18:26.472,1768123106.473,11237.0,9532
2026-01-11T17:18:26.499,1768123106.499,11247.0,9532
2026-01-11T17:18:26.534,1768123106.535,11256.0,9532
2026-01-11T17:18:26.565,1768123106.565,11262.0,9532
2026-01-11T17:18:26.705,1768123106.706,11267.0,9532
2026-01-11T17:18:26.706,1768123106.707,11273.0,9532
2026-01-11T17:18:26.706,1768123106.707,11279.0,9532
2026-01-11T17:18:26.706,1768123106.707,11286.0,9532
2026-01-11T17:18:26.729,1768123106.729,11293.0,9532
2026-01-11T17:18:26.762,1768123106.762,11307.0,9532
2026-01-11T17:18:26.794,1768123106.795,11307.0,9532
2026-01-11T17:18:26.827,1768123106.828,11315.0,9532
2026-01-11T17:18:26.860,1768123106.861,11321.0,9532
2026-01-11T17:18:26.907,1768123106.907,11325.0,9532
2026-01-11T17:18:26.926,1768123106.926,11326.0,9532
2026-01-11T17:18:26.968,1768123106.969,11325.0,9532
2026-01-11T17:18:26.992,1768123106.992,11323.0,9532
2026-01-11T17:18:27.030,1768123107.031,11319.0,9532
2026-01-11T17:18:27.057,1768123107.058,11313.0,9532
2026-01-11T17:18:27.205,1768123107.205,11305.0,9532
2026-01-11T17:18:27.205,1768123107.205,11296.0,9532
2026-01-11T17:18:27.205,1768123107.205,11287.0,9532
2026-01-11T17:18:27.205,1768123107.205,11268.0,9532
2026-01-11T17:18:27.222,1768123107.222,11268.0,9532
2026-01-11T17:18:27.255,1768123107.256,11258.0,9532
2026-01-11T17:18:27.288,1768123107.288,11247.0,9532
2026-01-11T17:18:27.320,1768123107.321,11234.0,9532
2026-01-11T17:18:27.354,1768123107.354,11220.0,9532
2026-01-11T17:18:27.386,1768123107.386,11202.0,9532
2026-01-11T17:18:27.419,1768123107.419,11183.0,9532
2026-01-11T17:18:27.453,1768123107.453,11165.0,9532
2026-01-11T17:18:27.485,1768123107.486,11146.0,9532
2026-01-11T17:18:27.527,1768123107.527,11128.0,9532
2026-01-11T17:18:27.551,1768123107.551,11112.0,9532
2026-01-11T17:18:27.703,1768123107.703,11097.0,9532
2026-01-11T17:18:27.703,1768123107.703,11082.0,9532
2026-01-11T17:18:27.703,1768123107.703,11052.0,9532
2026-01-11T17:18:27.703,1768123107.703,11052.0,9532
2026-01-11T17:18:27.721,1768123107.721,11037.0,9532
2026-01-11T17:18:27.748,1768123107.748,11022.0,9532
2026-01-11T17:18:27.781,1768123107.781,11006.0,9532
2026-01-11T17:18:27.813,1768123107.813,10989.0,9532
2026-01-11T17:18:27.846,1768123107.846,10972.0,9532
2026-01-11T17:18:27.879,1768123107.880,10954.0,9532
2026-01-11T17:18:27.912,1768123107.912,10938.0,9532
2026-01-11T17:18:27.945,1768123107.946,10921.0,9532
2026-01-11T17:18:27.977,1768123107.978,10902.0,9532
2026-01-11T17:18:28.010,1768123108.011,10883.0,9532
2026-01-11T17:18:28.043,1768123108.043,10864.0,9532
2026-01-11T17:18:28.076,1768123108.077,10844.0,9532
2026-01-11T17:18:28.204,1768123108.204,10805.0,9532
2026-01-11T17:18:28.204,1768123108.204,10785.0,9532
2026-01-11T17:18:28.204,1768123108.204,10785.0,9532
2026-01-11T17:18:28.221,1768123108.221,10765.0,9532
2026-01-11T17:18:28.241,1768123108.241,10745.0,9532
2026-01-11T17:18:28.280,1768123108.281,10724.0,9532
2026-01-11T17:18:28.307,1768123108.307,10703.0,9532
2026-01-11T17:18:28.346,1768123108.347,10681.0,9532
2026-01-11T17:18:28.371,1768123108.372,10659.0,9532
2026-01-11T17:18:28.404,1768123108.405,10613.0,9532
2026-01-11T17:18:28.437,1768123108.438,10613.0,9532
2026-01-11T17:18:28.470,1768123108.471,10590.0,9532
2026-01-11T17:18:28.503,1768123108.504,10568.0,9532
2026-01-11T17:18:28.536,1768123108.536,10545.0,9532
2026-01-11T17:18:28.569,1768123108.569,10522.0,9532
2026-01-11T17:18:28.702,1768123108.703,10499.0,9532
2026-01-11T17:18:28.702,1768123108.703,10476.0,9532
2026-01-11T17:18:28.702,1768123108.703,10454.0,9532
2026-01-11T17:18:28.702,1768123108.703,10431.0,9532
2026-01-11T17:18:28.733,1768123108.734,10409.0,9532
2026-01-11T17:18:28.777,1768123108.778,10387.0,9532
2026-01-11T17:18:28.799,1768123108.800,10364.0,9532
2026-01-11T17:18:28.844,1768123108.845,10341.0,9532
2026-01-11T17:18:28.865,1768123108.865,10319.0,9532
2026-01-11T17:18:28.905,1768123108.905,10296.0,9532
2026-01-11T17:18:28.931,1768123108.931,10272.0,9532
2026-01-11T17:18:28.964,1768123108.965,10248.0,9532
2026-01-11T17:18:28.996,1768123108.996,10225.0,9532
2026-01-11T17:18:29.029,1768123109.029,10200.0,9532
2026-01-11T17:18:29.062,1768123109.062,10177.0,9532
2026-01-11T17:18:29.200,1768123109.200,10154.0,9532
2026-01-11T17:18:29.200,1768123109.200,10130.0,9532
2026-01-11T17:18:29.200,1768123109.200,10106.0,9532
2026-01-11T17:18:29.200,1768123109.200,10082.0,9532
2026-01-11T17:18:29.226,1768123109.226,10059.0,9532
2026-01-11T17:18:29.259,1768123109.259,10015.0,9532
2026-01-11T17:18:29.292,1768123109.293,10015.0,9532
2026-01-11T17:18:29.341,1768123109.342,9971.0,9532
2026-01-11T17:18:29.356,1768123109.357,9971.0,9532
2026-01-11T17:18:29.399,1768123109.400,9949.0,9532
2026-01-11T17:18:29.422,1768123109.423,9928.0,9532
2026-01-11T17:18:29.460,1768123109.460,9907.0,9532
2026-01-11T17:18:29.487,1768123109.488,9886.0,9532
2026-01-11T17:18:29.521,1768123109.522,9866.0,9532
2026-01-11T17:18:29.553,1768123109.554,9845.0,9532
2026-01-11T17:18:29.714,1768123109.714,9826.0,9532
2026-01-11T17:18:29.714,1768123109.714,9808.0,9532
2026-01-11T17:18:29.714,1768123109.714,9791.0,9532
2026-01-11T17:18:29.714,1768123109.714,9775.0,9532
2026-01-11T17:18:29.731,1768123109.731,9759.0,9532
2026-01-11T17:18:29.751,1768123109.751,9744.0,9532
2026-01-11T17:18:29.789,1768123109.789,9728.0,9532
2026-01-11T17:18:29.816,1768123109.817,9714.0,9532
2026-01-11T17:18:29.855,1768123109.856,9700.0,9532
2026-01-11T17:18:29.882,1768123109.882,9687.0,9532
2026-01-11T17:18:29.915,1768123109.916,9676.0,9532
2026-01-11T17:18:29.948,1768123109.949,9664.0,9532
2026-01-11T17:18:29.981,1768123109.981,9643.0,9532
2026-01-11T17:18:30.014,1768123110.014,9634.0,9532
2026-01-11T17:18:30.047,1768123110.047,9634.0,9532
2026-01-11T17:18:30.080,1768123110.080,9625.0,9532
2026-01-11T17:18:30.214,1768123110.214,9617.0,9532
2026-01-11T17:18:30.215,1768123110.215,9610.0,9532
2026-01-11T17:18:30.215,1768123110.215,9604.0,9532
2026-01-11T17:18:30.215,1768123110.215,9600.0,9532
2026-01-11T17:18:30.245,1768123110.245,9595.0,9532
2026-01-11T17:18:30.277,1768123110.277,9591.0,9532
2026-01-11T17:18:30.309,1768123110.310,9588.0,9532
2026-01-11T17:18:30.370,1768123110.370,9586.0,9532
2026-01-11T17:18:30.375,1768123110.375,9584.0,9532
2026-01-11T17:18:30.408,1768123110.409,9583.0,9532
2026-01-11T17:18:30.441,1768123110.442,9582.0,9532
2026-01-11T17:18:30.474,1768123110.475,9582.0,9532
2026-01-11T17:18:30.506,1768123110.507,9581.0,9532
2026-01-11T17:18:30.540,1768123110.540,9581.0,9532
2026-01-11T17:18:30.573,1768123110.573,9581.0,9532
2026-01-11T17:18:30.727,1768123110.727,9582.0,9532
2026-01-11T17:18:30.727,1768123110.727,9584.0,9532
2026-01-11T17:18:30.727,1768123110.727,9584.0,9532
2026-01-11T17:18:30.727,1768123110.727,9584.0,9532
2026-01-11T17:18:30.748,1768123110.748,9586.0,9532
2026-01-11T17:18:30.770,1768123110.771,9588.0,9532
2026-01-11T17:18:30.802,1768123110.803,9592.0,9532
2026-01-11T17:18:30.835,1768123110.836,9593.0,9532
2026-01-11T17:18:30.882,1768123110.882,9595.0,9532
2026-01-11T17:18:30.902,1768123110.902,9595.0,9532
2026-01-11T17:18:30.943,1768123110.944,9598.0,9532
2026-01-11T17:18:30.967,1768123110.968,9601.0,9532
2026-01-11T17:18:31.007,1768123111.007,9603.0,9532
2026-01-11T17:18:31.032,1768123111.033,9605.0,9532
2026-01-11T17:18:31.071,1768123111.072,9608.0,9532
2026-01-11T17:18:31.098,1768123111.099,9611.0,9532
2026-01-11T17:18:31.228,1768123111.229,9614.0,9532
2026-01-11T17:18:31.228,1768123111.229,9618.0,9532
2026-01-11T17:18:31.228,1768123111.229,9622.0,9532
2026-01-11T17:18:31.246,1768123111.247,9625.0,9532
2026-01-11T17:18:31.264,1768123111.265,9629.0,9532
2026-01-11T17:18:31.296,1768123111.296,9632.0,9532
2026-01-11T17:18:31.328,1768123111.329,9635.0,9532
2026-01-11T17:18:31.384,1768123111.384,9638.0,9532
2026-01-11T17:18:31.394,1768123111.394,9641.0,9532
2026-01-11T17:18:31.428,1768123111.428,9645.0,9532
2026-01-11T17:18:31.460,1768123111.461,9648.0,9532
2026-01-11T17:18:31.493,1768123111.494,9655.0,9532
2026-01-11T17:18:31.526,1768123111.527,9655.0,9532
2026-01-11T17:18:31.571,1768123111.571,9658.0,9532
2026-01-11T17:18:31.592,1768123111.592,9662.0,9532
2026-01-11T17:18:31.727,1768123111.728,9666.0,9532
2026-01-11T17:18:31.727,1768123111.728,9673.0,9532
2026-01-11T17:18:31.727,1768123111.728,9673.0,9532
2026-01-11T17:18:31.727,1768123111.728,9680.0,9532
2026-01-11T17:18:31.762,1768123111.763,9680.0,9532
2026-01-11T17:18:31.788,1768123111.789,9684.0,9532
2026-01-11T17:18:31.822,1768123111.822,9687.0,9532
2026-01-11T17:18:31.884,1768123111.884,9690.0,9532
2026-01-11T17:18:31.888,1768123111.888,9694.0,9532
2026-01-11T17:18:31.921,1768123111.922,9698.0,9532
2026-01-11T17:18:31.953,1768123111.954,9701.0,9532
2026-01-11T17:18:31.986,1768123111.986,9705.0,9532
2026-01-11T17:18:32.019,1768123112.019,9709.0,9532
2026-01-11T17:18:32.052,1768123112.052,9713.0,9532
2026-01-11T17:18:32.085,1768123112.085,9721.0,9532
2026-01-11T17:18:32.228,1768123112.229,9721.0,9532
2026-01-11T17:18:32.228,1768123112.229,9217.0,9532
2026-01-11T17:18:32.228,1768123112.229,9732.0,9532
2026-01-11T17:18:32.228,1768123112.229,9732.0,9532
2026-01-11T17:18:32.263,1768123112.264,9737.0,9532
2026-01-11T17:18:32.282,1768123112.283,9742.0,9532
2026-01-11T17:18:32.318,1768123112.319,9745.0,9532
2026-01-11T17:18:32.347,1768123112.348,9749.0,9532
2026-01-11T17:18:32.382,1768123112.383,9753.0,9532
2026-01-11T17:18:32.414,1768123112.414,9758.0,9532
2026-01-11T17:18:32.447,1768123112.447,9762.0,9532
2026-01-11T17:18:32.479,1768123112.480,9766.0,9532
2026-01-11T17:18:32.512,1768123112.512,9770.0,9532
2026-01-11T17:18:32.558,1768123112.558,9779.0,9532
2026-01-11T17:18:32.578,1768123112.578,9779.0,9532
2026-01-11T17:18:32.715,1768123112.716,9783.0,9532
2026-01-11T17:18:32.715,1768123112.716,9787.0,9532
2026-01-11T17:18:32.715,1768123112.716,9792.0,9532
2026-01-11T17:18:32.715,1768123112.716,9796.0,9532
2026-01-11T17:18:32.753,1768123112.754,9800.0,9532
2026-01-11T17:18:32.775,1768123112.776,9805.0,9532
2026-01-11T17:18:32.810,1768123112.810,9809.0,9532
2026-01-11T17:18:32.871,1768123112.872,9813.0,9532
2026-01-11T17:18:32.873,1768123112.874,9817.0,9532
2026-01-11T17:18:32.907,1768123112.907,9821.0,9532
2026-01-11T17:18:32.940,1768123112.940,9825.0,9532
2026-01-11T17:18:32.973,1768123112.973,9834.0,9532
2026-01-11T17:18:33.005,1768123113.006,9834.0,9532
2026-01-11T17:18:33.038,1768123113.038,9839.0,9532
2026-01-11T17:18:33.071,1768123113.072,9843.0,9532
2026-01-11T17:18:33.213,1768123113.214,9847.0,9532
2026-01-11T17:18:33.213,1768123113.214,9852.0,9532
2026-01-11T17:18:33.213,1768123113.214,9856.0,9532
2026-01-11T17:18:33.213,1768123113.214,9861.0,9532
2026-01-11T17:18:33.249,1768123113.249,9866.0,9532
2026-01-11T17:18:33.268,1768123113.268,9871.0,9532
2026-01-11T17:18:33.308,1768123113.309,9875.0,9532
2026-01-11T17:18:33.334,1768123113.334,9880.0,9532
2026-01-11T17:18:33.373,1768123113.373,9889.0,9532
2026-01-11T17:18:33.400,1768123113.400,9889.0,9532
2026-01-11T17:18:33.434,1768123113.435,9894.0,9532
2026-01-11T17:18:33.465,1768123113.466,9899.0,9532
2026-01-11T17:18:33.499,1768123113.499,9905.0,9532
2026-01-11T17:18:33.531,1768123113.532,9911.0,9532
2026-01-11T17:18:33.564,1768123113.565,9917.0,9532
2026-01-11T17:18:33.714,1768123113.715,9922.0,9532
2026-01-11T17:18:33.714,1768123113.715,9928.0,9532
2026-01-11T17:18:33.714,1768123113.715,9933.0,9532
2026-01-11T17:18:33.714,1768123113.715,9940.0,9532
2026-01-11T17:18:33.733,1768123113.734,9947.0,9532
2026-01-11T17:18:33.761,1768123113.761,9954.0,9532
2026-01-11T17:18:33.794,1768123113.794,9967.0,9532
2026-01-11T17:18:33.839,1768123113.840,9967.0,9532
2026-01-11T17:18:33.874,1768123113.875,9973.0,9532
2026-01-11T17:18:33.893,1768123113.894,9980.0,9532
2026-01-11T17:18:33.925,1768123113.926,9987.0,9532
2026-01-11T17:18:33.959,1768123113.960,9994.0,9532
2026-01-11T17:18:33.992,1768123113.993,10002.0,9532
2026-01-11T17:18:34.026,1768123114.026,10019.0,9532
2026-01-11T17:18:34.059,1768123114.059,10019.0,9532
2026-01-11T17:18:34.213,1768123114.213,10028.0,9532
2026-01-11T17:18:34.213,1768123114.213,10038.0,9532
2026-01-11T17:18:34.214,1768123114.214,10048.0,9532
2026-01-11T17:18:34.214,1768123114.214,10057.0,9532
2026-01-11T17:18:34.233,1768123114.233,10067.0,9532
2026-01-11T17:18:34.256,1768123114.256,10078.0,9532
2026-01-11T17:18:34.288,1768123114.289,10088.0,9532
2026-01-11T17:18:34.321,1768123114.322,10099.0,9532
2026-01-11T17:18:34.356,1768123114.357,10111.0,9532
2026-01-11T17:18:34.387,1768123114.387,10136.0,9532
2026-01-11T17:18:34.430,1768123114.430,10136.0,9532
2026-01-11T17:18:34.453,1768123114.453,10166.0,9532
2026-01-11T17:18:34.486,1768123114.486,10166.0,9532
2026-01-11T17:18:34.518,1768123114.519,10182.0,9532
2026-01-11T17:18:34.552,1768123114.552,10199.0,9532
2026-01-11T17:18:34.585,1768123114.585,10216.0,9532
2026-01-11T17:18:34.729,1768123114.730,10235.0,9532
2026-01-11T17:18:34.729,1768123114.730,10255.0,9532
2026-01-11T17:18:34.729,1768123114.730,10275.0,9532
2026-01-11T17:18:34.729,1768123114.730,10296.0,9532
2026-01-11T17:18:34.748,1768123114.749,10319.0,9532
2026-01-11T17:18:34.781,1768123114.782,10342.0,9532
2026-01-11T17:18:34.820,1768123114.821,10394.0,9532
2026-01-11T17:18:34.847,1768123114.848,10394.0,9532
2026-01-11T17:18:34.881,1768123114.881,10421.0,9532
2026-01-11T17:18:34.913,1768123114.913,10449.0,9532
2026-01-11T17:18:34.946,1768123114.947,10479.0,9532
2026-01-11T17:18:34.979,1768123114.980,10512.0,9532
2026-01-11T17:18:35.012,1768123115.012,10545.0,9532
2026-01-11T17:18:35.045,1768123115.045,10581.0,9532
2026-01-11T17:18:35.078,1768123115.078,10617.0,9532
2026-01-11T17:18:35.226,1768123115.227,10655.0,9532
2026-01-11T17:18:35.226,1768123115.227,10695.0,9532
2026-01-11T17:18:35.226,1768123115.227,10781.0,9532
2026-01-11T17:18:35.226,1768123115.227,10781.0,9532
2026-01-11T17:18:35.244,1768123115.244,10826.0,9532
2026-01-11T17:18:35.277,1768123115.277,10873.0,9532
2026-01-11T17:18:35.318,1768123115.319,10921.0,9532
2026-01-11T17:18:35.341,1768123115.341,10971.0,9532
2026-01-11T17:18:35.374,1768123115.375,11078.0,9532
2026-01-11T17:18:35.407,1768123115.408,11078.0,9532
2026-01-11T17:18:35.445,1768123115.445,11135.0,9532
2026-01-11T17:18:35.473,1768123115.473,11195.0,9532
2026-01-11T17:18:35.507,1768123115.508,11256.0,9532
2026-01-11T17:18:35.539,1768123115.540,11387.0,9532
2026-01-11T17:18:35.571,1768123115.572,11387.0,9532
2026-01-11T17:18:35.726,1768123115.727,11456.0,9532
2026-01-11T17:18:35.726,1768123115.727,11528.0,9532
2026-01-11T17:18:35.726,1768123115.727,11601.0,9532
2026-01-11T17:18:35.726,1768123115.727,11754.0,9532
2026-01-11T17:18:35.744,1768123115.745,11754.0,9532
2026-01-11T17:18:35.769,1768123115.770,11834.0,9532
2026-01-11T17:18:35.817,1768123115.817,11916.0,9532
2026-01-11T17:18:35.835,1768123115.835,12091.0,9532
2026-01-11T17:18:35.882,1768123115.883,12091.0,9532
2026-01-11T17:18:35.900,1768123115.901,12181.0,9532
2026-01-11T17:18:35.945,1768123115.945,12273.0,9532
2026-01-11T17:18:35.967,1768123115.967,12370.0,9532
2026-01-11T17:18:36.004,1768123116.004,12473.0,9532
2026-01-11T17:18:36.032,1768123116.033,12580.0,9532
2026-01-11T17:18:36.068,1768123116.068,12690.0,9532
2026-01-11T17:18:36.098,1768123116.099,12804.0,9532
2026-01-11T17:18:36.226,1768123116.226,12918.0,9532
2026-01-11T17:18:36.226,1768123116.226,13152.0,9532
2026-01-11T17:18:36.226,1768123116.226,13152.0,9532
2026-01-11T17:18:36.246,1768123116.246,13270.0,9532
2026-01-11T17:18:36.263,1768123116.263,13390.0,9532
2026-01-11T17:18:36.296,1768123116.296,13509.0,9532
2026-01-11T17:18:36.329,1768123116.329,13630.0,9532
2026-01-11T17:18:36.377,1768123116.377,13755.0,9532
2026-01-11T17:18:36.395,1768123116.395,13885.0,9532
2026-01-11T17:18:36.440,1768123116.441,14164.0,9532
2026-01-11T17:18:36.461,1768123116.461,14164.0,9532
2026-01-11T17:18:36.504,1768123116.504,14312.0,9532
2026-01-11T17:18:36.526,1768123116.527,14466.0,9532
2026-01-11T17:18:36.566,1768123116.566,14624.0,9532
2026-01-11T17:18:36.723,1768123116.723,14949.0,9532
2026-01-11T17:18:36.723,1768123116.723,14949.0,9532
2026-01-11T17:18:36.724,1768123116.724,15117.0,9532
2026-01-11T17:18:36.724,1768123116.724,15290.0,9532
2026-01-11T17:18:36.740,1768123116.740,15467.0,9532
2026-01-11T17:18:36.757,1768123116.758,15646.0,9532
2026-01-11T17:18:36.791,1768123116.791,15829.0,9532
2026-01-11T17:18:36.824,1768123116.824,16014.0,9532
2026-01-11T17:18:36.877,1768123116.878,16200.0,9532
2026-01-11T17:18:36.890,1768123116.890,16388.0,9532
2026-01-11T17:18:36.923,1768123116.923,16579.0,9532
2026-01-11T17:18:36.956,1768123116.956,16976.0,9532
2026-01-11T17:18:37.006,1768123117.006,16976.0,9532
2026-01-11T17:18:37.022,1768123117.022,17182.0,9532
2026-01-11T17:18:37.065,1768123117.065,17393.0,9532
2026-01-11T17:18:37.088,1768123117.088,17606.0,9532
2026-01-11T17:18:37.223,1768123117.224,17815.0,9532
2026-01-11T17:18:37.223,1768123117.224,18021.0,9532
2026-01-11T17:18:37.223,1768123117.224,18227.0,9532
2026-01-11T17:18:37.223,1768123117.224,18434.0,9532
2026-01-11T17:18:37.257,1768123117.257,18639.0,9532
2026-01-11T17:18:37.285,1768123117.286,18846.0,9532
2026-01-11T17:18:37.319,1768123117.320,19053.0,9532
2026-01-11T17:18:37.379,1768123117.380,19262.0,9532
2026-01-11T17:18:37.384,1768123117.385,19473.0,9532
2026-01-11T17:18:37.418,1768123117.419,19892.0,9532
2026-01-11T17:18:37.450,1768123117.451,19892.0,9532
2026-01-11T17:18:37.484,1768123117.485,20101.0,9532
2026-01-11T17:18:37.516,1768123117.517,20310.0,9532
2026-01-11T17:18:37.550,1768123117.550,20517.0,9532
2026-01-11T17:18:37.583,1768123117.583,20722.0,9532
2026-01-11T17:18:37.725,1768123117.725,20924.0,9532
2026-01-11T17:18:37.725,1768123117.725,21124.0,9532
2026-01-11T17:18:37.725,1768123117.725,21320.0,9532
2026-01-11T17:18:37.725,1768123117.725,21510.0,9532
2026-01-11T17:18:37.760,1768123117.760,21696.0,9532
2026-01-11T17:18:37.781,1768123117.781,21879.0,9532
2026-01-11T17:18:37.818,1768123117.819,22060.0,9532
2026-01-11T17:18:37.846,1768123117.847,22236.0,9532
2026-01-11T17:18:37.880,1768123117.880,22407.0,9532
2026-01-11T17:18:37.913,1768123117.913,22739.0,9532
2026-01-11T17:18:37.946,1768123117.946,22739.0,9532
2026-01-11T17:18:37.978,1768123117.979,22902.0,9532
2026-01-11T17:18:38.012,1768123118.012,23062.0,9532
2026-01-11T17:18:38.045,1768123118.045,23218.0,9532
2026-01-11T17:18:38.078,1768123118.078,23367.0,9532
2026-01-11T17:18:38.224,1768123118.224,23511.0,9532
2026-01-11T17:18:38.225,1768123118.225,23648.0,9532
2026-01-11T17:18:38.225,1768123118.225,23781.0,9532
2026-01-11T17:18:38.225,1768123118.225,23907.0,9532
2026-01-11T17:18:38.244,1768123118.245,24025.0,9532
2026-01-11T17:18:38.275,1768123118.276,24136.0,9532
2026-01-11T17:18:38.316,1768123118.316,24350.0,9532
2026-01-11T17:18:38.341,1768123118.342,24350.0,9532
2026-01-11T17:18:38.375,1768123118.375,24456.0,9532
2026-01-11T17:18:38.407,1768123118.408,24559.0,9532
2026-01-11T17:18:38.441,1768123118.442,24658.0,9532
2026-01-11T17:18:38.473,1768123118.474,24755.0,9532
2026-01-11T17:18:38.506,1768123118.506,24849.0,9532
2026-01-11T17:18:38.538,1768123118.539,24939.0,9532
2026-01-11T17:18:38.571,1768123118.572,25025.0,9532
2026-01-11T17:18:38.720,1768123118.720,25105.0,9532
2026-01-11T17:18:38.720,1768123118.720,25181.0,9532
2026-01-11T17:18:38.720,1768123118.720,25253.0,9532
2026-01-11T17:18:38.720,1768123118.720,25321.0,9532
2026-01-11T17:18:38.739,1768123118.739,25383.0,9532
2026-01-11T17:18:38.769,1768123118.769,25441.0,9532
2026-01-11T17:18:38.811,1768123118.811,25494.0,9532
2026-01-11T17:18:38.834,1768123118.835,25542.0,9532
2026-01-11T17:18:38.873,1768123118.874,25584.0,9532
2026-01-11T17:18:38.901,1768123118.901,25622.0,9532
2026-01-11T17:18:38.936,1768123118.936,25655.0,9532
2026-01-11T17:18:38.967,1768123118.968,25700.0,9532
2026-01-11T17:18:39.000,1768123119.000,25700.0,9532
2026-01-11T17:18:39.033,1768123119.033,25714.0,9532
2026-01-11T17:18:39.065,1768123119.066,25724.0,9532
2026-01-11T17:18:39.218,1768123119.219,25728.0,9532
2026-01-11T17:18:39.218,1768123119.219,25726.0,9532
2026-01-11T17:18:39.218,1768123119.219,25718.0,9532
2026-01-11T17:18:39.218,1768123119.219,25706.0,9532
2026-01-11T17:18:39.237,1768123119.237,25688.0,9532
2026-01-11T17:18:39.263,1768123119.263,25665.0,9532
2026-01-11T17:18:39.297,1768123119.297,25636.0,9532
2026-01-11T17:18:39.328,1768123119.328,25602.0,9532
2026-01-11T17:18:39.371,1768123119.372,25563.0,9532
2026-01-11T17:18:39.393,1768123119.394,25517.0,9532
2026-01-11T17:18:39.433,1768123119.434,25466.0,9532
2026-01-11T17:18:39.460,1768123119.460,25409.0,9532
2026-01-11T17:18:39.496,1768123119.496,25348.0,9532
2026-01-11T17:18:39.525,1768123119.525,25281.0,9532
2026-01-11T17:18:39.559,1768123119.559,25209.0,9532
2026-01-11T17:18:39.591,1768123119.591,25132.0,9532
2026-01-11T17:18:39.718,1768123119.718,25050.0,9532
2026-01-11T17:18:39.718,1768123119.718,24965.0,9532
2026-01-11T17:18:39.718,1768123119.718,24875.0,9532
2026-01-11T17:18:39.739,1768123119.739,24684.0,9532
2026-01-11T17:18:39.755,1768123119.755,24684.0,9532
2026-01-11T17:18:39.787,1768123119.788,24583.0,9532
2026-01-11T17:18:39.820,1768123119.821,24476.0,9532
2026-01-11T17:18:39.870,1768123119.871,24365.0,9532
2026-01-11T17:18:39.885,1768123119.886,24249.0,9532
2026-01-11T17:18:39.920,1768123119.920,24129.0,9532
2026-01-11T17:18:39.952,1768123119.952,24003.0,9532
2026-01-11T17:18:39.998,1768123119.999,23873.0,9532
2026-01-11T17:18:40.017,1768123120.017,23738.0,9532
2026-01-11T17:18:40.060,1768123120.060,23600.0,9532
2026-01-11T17:18:40.082,1768123120.083,23321.0,9532
2026-01-11T17:18:40.218,1768123120.218,23321.0,9532
2026-01-11T17:18:40.218,1768123120.218,23181.0,9532
2026-01-11T17:18:40.218,1768123120.218,23043.0,9532
2026-01-11T17:18:40.218,1768123120.218,22905.0,9532
2026-01-11T17:18:40.250,1768123120.251,22763.0,9532
2026-01-11T17:18:40.279,1768123120.280,22616.0,9532
2026-01-11T17:18:40.312,1768123120.313,22465.0,9532
2026-01-11T17:18:40.371,1768123120.371,22310.0,9532
2026-01-11T17:18:40.378,1768123120.378,22153.0,9532
2026-01-11T17:18:40.410,1768123120.411,21993.0,9532
2026-01-11T17:18:40.443,1768123120.444,21828.0,9532
2026-01-11T17:18:40.476,1768123120.476,21658.0,9532
2026-01-11T17:18:40.509,1768123120.510,21485.0,9532
2026-01-11T17:18:40.543,1768123120.543,21311.0,9532
2026-01-11T17:18:40.574,1768123120.574,21134.0,9532
2026-01-11T17:18:40.714,1768123120.715,20959.0,9532
2026-01-11T17:18:40.714,1768123120.715,20781.0,9532
2026-01-11T17:18:40.714,1768123120.715,20422.0,9532
2026-01-11T17:18:40.715,1768123120.716,20422.0,9532
2026-01-11T17:18:40.746,1768123120.747,20241.0,9532
2026-01-11T17:18:40.771,1768123120.771,20386.0,9532
2026-01-11T17:18:40.808,1768123120.809,19874.0,9532
2026-01-11T17:18:40.836,1768123120.836,19688.0,9532
2026-01-11T17:18:40.869,1768123120.870,19501.0,9532
2026-01-11T17:18:40.902,1768123120.903,19129.0,9532
2026-01-11T17:18:40.935,1768123120.936,19129.0,9532
2026-01-11T17:18:40.968,1768123120.968,18940.0,9532
2026-01-11T17:18:41.001,1768123121.001,18750.0,9532
2026-01-11T17:18:41.035,1768123121.035,18557.0,9532
2026-01-11T17:18:41.066,1768123121.066,18365.0,9532
2026-01-11T17:18:41.217,1768123121.218,18174.0,9532
2026-01-11T17:18:41.217,1768123121.218,17988.0,9532
2026-01-11T17:18:41.217,1768123121.218,17804.0,9532
2026-01-11T17:18:41.217,1768123121.218,17621.0,9532
2026-01-11T17:18:41.234,1768123121.235,17441.0,9532
2026-01-11T17:18:41.262,1768123121.263,17264.0,9532
2026-01-11T17:18:41.306,1768123121.307,17088.0,9532
2026-01-11T17:18:41.327,1768123121.328,16914.0,9532
2026-01-11T17:18:41.370,1768123121.370,16743.0,9532
2026-01-11T17:18:41.393,1768123121.393,16575.0,9532
2026-01-11T17:18:41.431,1768123121.432,16407.0,9532
2026-01-11T17:18:41.459,1768123121.459,16238.0,9532
2026-01-11T17:18:41.494,1768123121.494,16071.0,9532
2026-01-11T17:18:41.524,1768123121.525,15742.0,9532
2026-01-11T17:18:41.559,1768123121.559,15742.0,9532
2026-01-11T17:18:41.589,1768123121.590,15581.0,9532
2026-01-11T17:18:41.718,1768123121.719,15421.0,9532
2026-01-11T17:18:41.718,1768123121.719,15265.0,9532
2026-01-11T17:18:41.718,1768123121.719,15113.0,9532
2026-01-11T17:18:41.740,1768123121.740,14965.0,9532
2026-01-11T17:18:41.755,1768123121.755,14823.0,9532
2026-01-11T17:18:41.786,1768123121.786,14684.0,9532
2026-01-11T17:18:41.819,1768123121.819,14548.0,9532
2026-01-11T17:18:41.874,1768123121.875,14413.0,9532
2026-01-11T17:18:41.884,1768123121.885,14283.0,9532
2026-01-11T17:18:41.917,1768123121.918,14157.0,9532
2026-01-11T17:18:41.950,1768123121.951,14034.0,9532
2026-01-11T17:18:41.995,1768123121.996,13915.0,9532
2026-01-11T17:18:42.016,1768123122.016,13690.0,9532
2026-01-11T17:18:42.055,1768123122.056,13690.0,9532
2026-01-11T17:18:42.081,1768123122.082,13586.0,9532
2026-01-11T17:18:42.217,1768123122.218,13489.0,9532
2026-01-11T17:18:42.218,1768123122.219,13398.0,9532
2026-01-11T17:18:42.218,1768123122.219,13315.0,9532
2026-01-11T17:18:42.218,1768123122.219,13238.0,9532
2026-01-11T17:18:42.250,1768123122.251,13166.0,9532
2026-01-11T17:18:42.279,1768123122.279,13098.0,9532
2026-01-11T17:18:42.311,1768123122.311,13036.0,9532
2026-01-11T17:18:42.369,1768123122.370,12980.0,9532
2026-01-11T17:18:42.377,1768123122.378,12930.0,9532
2026-01-11T17:18:42.410,1768123122.410,12885.0,9532
2026-01-11T17:18:42.443,1768123122.443,12845.0,9532
2026-01-11T17:18:42.476,1768123122.476,12810.0,9532
2026-01-11T17:18:42.508,1768123122.509,12779.0,9532
2026-01-11T17:18:42.542,1768123122.542,12754.0,9532
2026-01-11T17:18:42.574,1768123122.574,12733.0,9532
2026-01-11T17:18:42.717,1768123122.718,12718.0,9532
2026-01-11T17:18:42.717,1768123122.718,12707.0,9532
2026-01-11T17:18:42.717,1768123122.718,12701.0,9532
2026-01-11T17:18:42.717,1768123122.718,12699.0,9532
2026-01-11T17:18:42.748,1768123122.749,12701.0,9532
2026-01-11T17:18:42.771,1768123122.772,12706.0,9532
2026-01-11T17:18:42.807,1768123122.807,12714.0,9532
2026-01-11T17:18:42.837,1768123122.838,12737.0,9532
2026-01-11T17:18:42.872,1768123122.872,12737.0,9532
2026-01-11T17:18:42.902,1768123122.903,12752.0,9532
2026-01-11T17:18:42.935,1768123122.936,12768.0,9532
2026-01-11T17:18:42.968,1768123122.969,12786.0,9532
2026-01-11T17:18:43.001,1768123123.002,12826.0,9532
2026-01-11T17:18:43.035,1768123123.035,12826.0,9532
2026-01-11T17:18:43.068,1768123123.068,12847.0,9532
2026-01-11T17:18:43.217,1768123123.218,12870.0,9532
2026-01-11T17:18:43.217,1768123123.218,12893.0,9532
2026-01-11T17:18:43.217,1768123123.218,12917.0,9532
2026-01-11T17:18:43.217,1768123123.218,12941.0,9532
2026-01-11T17:18:43.238,1768123123.239,12965.0,9532
2026-01-11T17:18:43.264,1768123123.265,12989.0,9532
2026-01-11T17:18:43.305,1768123123.305,13014.0,9532
2026-01-11T17:18:43.330,1768123123.330,13039.0,9532
2026-01-11T17:18:43.369,1768123123.369,13063.0,9532
2026-01-11T17:18:43.396,1768123123.397,13110.0,9532
2026-01-11T17:18:43.430,1768123123.431,13110.0,9532
2026-01-11T17:18:43.462,1768123123.463,13134.0,9532
2026-01-11T17:18:43.495,1768123123.495,13157.0,9532
2026-01-11T17:18:43.528,1768123123.528,13181.0,9532
2026-01-11T17:18:43.561,1768123123.561,13205.0,9532
2026-01-11T17:18:43.593,1768123123.594,13250.0,9532
2026-01-11T17:18:43.730,1768123123.730,13250.0,9532
2026-01-11T17:18:43.730,1768123123.730,13272.0,9532
2026-01-11T17:18:43.730,1768123123.730,13293.0,9532
2026-01-11T17:18:43.730,1768123123.730,13315.0,9532
2026-01-11T17:18:43.764,1768123123.764,13355.0,9532
2026-01-11T17:18:43.791,1768123123.791,13355.0,9532
2026-01-11T17:18:43.825,1768123123.826,13393.0,9532
2026-01-11T17:18:43.861,1768123123.861,13393.0,9532
2026-01-11T17:18:43.890,1768123123.890,13411.0,9532
2026-01-11T17:18:43.922,1768123123.922,13428.0,9532
2026-01-11T17:18:43.955,1768123123.955,13445.0,9532
2026-01-11T17:18:43.988,1768123123.989,13460.0,9532
2026-01-11T17:18:44.021,1768123124.021,13476.0,9532
2026-01-11T17:18:44.054,1768123124.054,13491.0,9532
2026-01-11T17:18:44.087,1768123124.088,13505.0,9532
2026-01-11T17:18:44.213,1768123124.214,13518.0,9532
2026-01-11T17:18:44.213,1768123124.214,13530.0,9532
2026-01-11T17:18:44.213,1768123124.214,13541.0,9532
2026-01-11T17:18:44.237,1768123124.238,13552.0,9532
2026-01-11T17:18:44.251,1768123124.252,13561.0,9532
2026-01-11T17:18:44.284,1768123124.284,13570.0,9532
2026-01-11T17:18:44.317,1768123124.317,13579.0,9532
2026-01-11T17:18:44.349,1768123124.350,13587.0,9532
2026-01-11T17:18:44.392,1768123124.392,13593.0,9532
2026-01-11T17:18:44.416,1768123124.416,13598.0,9532
2026-01-11T17:18:44.450,1768123124.450,13603.0,9532
2026-01-11T17:18:44.481,1768123124.481,13607.0,9532
2026-01-11T17:18:44.514,1768123124.515,13609.0,9532
2026-01-11T17:18:44.547,1768123124.547,13610.0,9532
2026-01-11T17:18:44.580,1768123124.580,13609.0,9532
2026-01-11T17:18:44.725,1768123124.726,13608.0,9532
2026-01-11T17:18:44.725,1768123124.726,13608.0,9532
2026-01-11T17:18:44.725,1768123124.726,13602.0,9532
2026-01-11T17:18:44.725,1768123124.726,13602.0,9532
2026-01-11T17:18:44.744,1768123124.745,13596.0,9532
2026-01-11T17:18:44.777,1768123124.777,13590.0,9532
2026-01-11T17:18:44.811,1768123124.811,13583.0,9532
2026-01-11T17:18:44.843,1768123124.843,13575.0,9532
2026-01-11T17:18:44.889,1768123124.889,13566.0,9532
2026-01-11T17:18:44.908,1768123124.908,13556.0,9532
2026-01-11T17:18:44.954,1768123124.954,13546.0,9532
2026-01-11T17:18:44.974,1768123124.974,13534.0,9532
2026-01-11T17:18:45.020,1768123125.021,13521.0,9532
2026-01-11T17:18:45.040,1768123125.041,13492.0,9532
2026-01-11T17:18:45.082,1768123125.082,13492.0,9532
2026-01-11T17:18:45.226,1768123125.226,13477.0,9532
2026-01-11T17:18:45.226,1768123125.226,13461.0,9532
2026-01-11T17:18:45.226,1768123125.226,13443.0,9532
2026-01-11T17:18:45.227,1768123125.227,13425.0,9532
2026-01-11T17:18:45.244,1768123125.244,13408.0,9532
2026-01-11T17:18:45.270,1768123125.270,13389.0,9532
2026-01-11T17:18:45.303,1768123125.303,13369.0,9532
2026-01-11T17:18:45.336,1768123125.336,13348.0,9532
2026-01-11T17:18:45.369,1768123125.369,13327.0,9532
2026-01-11T17:18:45.402,1768123125.402,13306.0,9532
2026-01-11T17:18:45.435,1768123125.435,13283.0,9532
2026-01-11T17:18:45.467,1768123125.467,13260.0,9532
2026-01-11T17:18:45.512,1768123125.512,13237.0,9532
2026-01-11T17:18:45.533,1768123125.533,13212.0,9532
2026-01-11T17:18:45.576,1768123125.576,13186.0,9532
2026-01-11T17:18:45.724,1768123125.724,13160.0,9532
2026-01-11T17:18:45.724,1768123125.724,13131.0,9532
2026-01-11T17:18:45.724,1768123125.724,13103.0,9532
2026-01-11T17:18:45.724,1768123125.724,13075.0,9532
2026-01-11T17:18:45.741,1768123125.742,13046.0,9532
2026-01-11T17:18:45.763,1768123125.763,13016.0,9532
2026-01-11T17:18:45.796,1768123125.796,12986.0,9532
2026-01-11T17:18:45.833,1768123125.833,12956.0,9532
2026-01-11T17:18:45.866,1768123125.867,12925.0,9532
2026-01-11T17:18:45.894,1768123125.895,12892.0,9532
2026-01-11T17:18:45.927,1768123125.927,12859.0,9532
2026-01-11T17:18:45.960,1768123125.960,12826.0,9532
2026-01-11T17:18:45.993,1768123125.993,12756.0,9532
2026-01-11T17:18:46.026,1768123126.026,12720.0,9532
2026-01-11T17:18:46.059,1768123126.059,12720.0,9532
2026-01-11T17:18:46.092,1768123126.092,12684.0,9532
2026-01-11T17:18:46.224,1768123126.224,12650.0,9532
2026-01-11T17:18:46.224,1768123126.224,12615.0,9532
2026-01-11T17:18:46.224,1768123126.224,12580.0,9532
2026-01-11T17:18:46.224,1768123126.224,12543.0,9532
2026-01-11T17:18:46.269,1768123126.269,12505.0,9532
2026-01-11T17:18:46.289,1768123126.289,12468.0,9532
2026-01-11T17:18:46.331,1768123126.332,12430.0,9532
2026-01-11T17:18:46.367,1768123126.367,12392.0,9532
2026-01-11T17:18:46.387,1768123126.387,12353.0,9532
2026-01-11T17:18:46.420,1768123126.421,12315.0,9532
2026-01-11T17:18:46.456,1768123126.457,12276.0,9532
2026-01-11T17:18:46.486,1768123126.486,12236.0,9532
2026-01-11T17:18:46.519,1768123126.520,12196.0,9532
2026-01-11T17:18:46.551,1768123126.551,12154.0,9532
2026-01-11T17:18:46.584,1768123126.584,12113.0,9532
2026-01-11T17:18:46.726,1768123126.726,12071.0,9532
2026-01-11T17:18:46.726,1768123126.726,12029.0,9532
2026-01-11T17:18:46.726,1768123126.726,11987.0,9532
2026-01-11T17:18:46.726,1768123126.726,11946.0,9532
2026-01-11T17:18:46.749,1768123126.749,11902.0,9532
2026-01-11T17:18:46.781,1768123126.782,11857.0,9532
2026-01-11T17:18:46.814,1768123126.815,11812.0,9532
2026-01-11T17:18:46.847,1768123126.848,11767.0,9532
2026-01-11T17:18:46.880,1768123126.880,11722.0,9532
2026-01-11T17:18:46.913,1768123126.913,11677.0,9532
2026-01-11T17:18:46.958,1768123126.959,11633.0,9532
2026-01-11T17:18:46.978,1768123126.979,11589.0,9532
2026-01-11T17:18:47.021,1768123127.022,11545.0,9532
2026-01-11T17:18:47.044,1768123127.045,11457.0,9532
2026-01-11T17:18:47.083,1768123127.084,11457.0,9532
2026-01-11T17:18:47.226,1768123127.226,11413.0,9532
2026-01-11T17:18:47.226,1768123127.226,11370.0,9532
2026-01-11T17:18:47.226,1768123127.226,11328.0,9532
2026-01-11T17:18:47.227,1768123127.227,11286.0,9532
2026-01-11T17:18:47.246,1768123127.246,11245.0,9532
2026-01-11T17:18:47.274,1768123127.275,11203.0,9532
2026-01-11T17:18:47.307,1768123127.307,11118.0,9532
2026-01-11T17:18:47.339,1768123127.340,11118.0,9532
2026-01-11T17:18:47.373,1768123127.373,11076.0,9532
2026-01-11T17:18:47.405,1768123127.405,11035.0,9532
2026-01-11T17:18:47.438,1768123127.438,10994.0,9532
2026-01-11T17:18:47.471,1768123127.471,10954.0,9532
2026-01-11T17:18:47.504,1768123127.505,10913.0,9532
2026-01-11T17:18:47.536,1768123127.537,10873.0,9532
2026-01-11T17:18:47.570,1768123127.571,10833.0,9532
2026-01-11T17:18:47.726,1768123127.727,10754.0,9532
2026-01-11T17:18:47.726,1768123127.727,10754.0,9532
2026-01-11T17:18:47.726,1768123127.727,10714.0,9532
2026-01-11T17:18:47.726,1768123127.727,10675.0,9532
2026-01-11T17:18:47.745,1768123127.746,10637.0,9532
2026-01-11T17:18:47.766,1768123127.767,10601.0,9532
2026-01-11T17:18:47.799,1768123127.800,10564.0,9532
2026-01-11T17:18:47.834,1768123127.834,10528.0,9532
2026-01-11T17:18:47.868,1768123127.869,10493.0,9532
2026-01-11T17:18:47.898,1768123127.898,10457.0,9532
2026-01-11T17:18:47.931,1768123127.932,10422.0,9532
2026-01-11T17:18:47.964,1768123127.965,10387.0,9532
2026-01-11T17:18:47.996,1768123127.996,10353.0,9532
2026-01-11T17:18:48.029,1768123128.029,10320.0,9532
2026-01-11T17:18:48.063,1768123128.063,10287.0,9532
2026-01-11T17:18:48.095,1768123128.095,10254.0,9532
2026-01-11T17:18:48.223,1768123128.224,10222.0,9532
2026-01-11T17:18:48.223,1768123128.224,10191.0,9532
2026-01-11T17:18:48.223,1768123128.224,10160.0,9532
2026-01-11T17:18:48.241,1768123128.242,10129.0,9532
2026-01-11T17:18:48.260,1768123128.261,10099.0,9532
2026-01-11T17:18:48.292,1768123128.293,10070.0,9532
2026-01-11T17:18:48.330,1768123128.330,10041.0,9532
2026-01-11T17:18:48.366,1768123128.367,10014.0,9532
2026-01-11T17:18:48.392,1768123128.393,9987.0,9532
2026-01-11T17:18:48.422,1768123128.423,9960.0,9532
2026-01-11T17:18:48.457,1768123128.457,9934.0,9532
2026-01-11T17:18:48.488,1768123128.488,9908.0,9532
2026-01-11T17:18:48.520,1768123128.521,9883.0,9532
2026-01-11T17:18:48.553,1768123128.554,9859.0,9532
2026-01-11T17:18:48.586,1768123128.587,9835.0,9532
2026-01-11T17:18:48.726,1768123128.726,9812.0,9532
2026-01-11T17:18:48.726,1768123128.726,9790.0,9532
2026-01-11T17:18:48.726,1768123128.726,9768.0,9532
2026-01-11T17:18:48.726,1768123128.727,9747.0,9532
2026-01-11T17:18:48.752,1768123128.752,9708.0,9532
2026-01-11T17:18:48.784,1768123128.784,9708.0,9532
2026-01-11T17:18:48.818,1768123128.818,9671.0,9532
2026-01-11T17:18:48.866,1768123128.866,9671.0,9532
2026-01-11T17:18:48.893,1768123128.893,9655.0,9532
2026-01-11T17:18:48.916,1768123128.916,9639.0,9532
2026-01-11T17:18:48.957,1768123128.958,9624.0,9532
2026-01-11T17:18:48.981,1768123128.981,9610.0,9532
2026-01-11T17:18:49.018,1768123129.018,9598.0,9532
2026-01-11T17:18:49.047,1768123129.047,9586.0,9532
2026-01-11T17:18:49.081,1768123129.081,9576.0,9532
2026-01-11T17:18:49.225,1768123129.225,9567.0,9532
2026-01-11T17:18:49.225,1768123129.225,9559.0,9532
2026-01-11T17:18:49.225,1768123129.225,9552.0,9532
2026-01-11T17:18:49.225,1768123129.225,9546.0,9532
2026-01-11T17:18:49.244,1768123129.244,9541.0,9532
2026-01-11T17:18:49.277,1768123129.277,9537.0,9532
2026-01-11T17:18:49.310,1768123129.311,9534.0,9532
2026-01-11T17:18:49.342,1768123129.343,9532.0,9532

C&T peaks,,,
C peak,11322.0,,
T peak,25716.571428571424,,
T/C ratio,2.2713806243218,,
